,Date,Close,name
0,2015-01-01,49.080002,American Airlines
1,2015-02-01,47.900002,American Airlines
2,2015-03-01,52.779999,American Airlines
3,2015-04-01,48.290001000000004,American Airlines
4,2015-05-01,42.369999,American Airlines
5,2015-06-01,39.939999,American Airlines
6,2015-07-01,40.099998,American Airlines
7,2015-08-01,38.98,American Airlines
8,2015-09-01,38.830002,American Airlines
9,2015-10-01,46.220001,American Airlines
10,2015-11-01,41.259997999999996,American Airlines
11,2015-12-01,42.349998,American Airlines
12,2016-01-01,38.990002000000004,American Airlines
13,2016-02-01,41.0,American Airlines
14,2016-03-01,41.009997999999996,American Airlines
15,2016-04-01,34.689999,American Airlines
16,2016-05-01,31.91,American Airlines
17,2016-06-01,28.309998999999998,American Airlines
18,2016-07-01,35.5,American Airlines
19,2016-08-01,36.299999,American Airlines
20,2016-09-01,36.610001000000004,American Airlines
21,2016-10-01,40.599998,American Airlines
22,2016-11-01,46.439999,American Airlines
23,2016-12-01,46.689999,American Airlines
24,2017-01-01,44.25,American Airlines
25,2017-02-01,46.360001000000004,American Airlines
26,2017-03-01,42.299999,American Airlines
27,2017-04-01,42.619999,American Airlines
28,2017-05-01,48.41,American Airlines
29,2017-06-01,50.32,American Airlines
30,2017-07-01,50.439999,American Airlines
31,2017-08-01,44.740002000000004,American Airlines
32,2017-09-01,47.490002000000004,American Airlines
33,2017-10-01,46.82,American Airlines
34,2017-11-01,50.490002000000004,American Airlines
35,2017-12-01,52.029999,American Airlines
36,2018-01-01,54.32,American Airlines
37,2018-02-01,54.25,American Airlines
38,2018-03-01,51.959998999999996,American Airlines
39,2018-04-01,42.93,American Airlines
40,2018-05-01,43.540001000000004,American Airlines
41,2018-06-01,37.959998999999996,American Airlines
42,2018-07-01,39.540001000000004,American Airlines
43,2018-08-01,40.48,American Airlines
44,2018-09-01,41.330002,American Airlines
45,2018-10-01,35.080002,American Airlines
46,2018-11-01,40.16,American Airlines
47,2018-12-01,32.110001000000004,American Airlines
48,2019-01-01,35.77,American Airlines
49,2019-02-01,35.630001,American Airlines
50,2019-03-01,31.76,American Airlines
51,2019-04-01,34.18,American Airlines
52,2019-05-01,27.23,American Airlines
53,2019-06-01,32.610001000000004,American Airlines
54,2019-07-01,30.51,American Airlines
55,2019-08-01,26.309998999999998,American Airlines
56,2019-09-01,26.969998999999998,American Airlines
57,2019-10-01,30.059998999999998,American Airlines
58,2019-11-01,28.74,American Airlines
59,2019-12-01,28.68,American Airlines
60,2020-01-01,26.84,American Airlines
61,2020-02-01,19.049999,American Airlines
62,2020-03-01,12.19,American Airlines
63,2020-04-01,12.01,American Airlines
64,2020-05-01,10.5,American Airlines
65,2020-06-01,13.07,American Airlines
66,2020-07-01,11.12,American Airlines
67,2020-08-01,13.05,American Airlines
68,2020-09-01,12.29,American Airlines
69,2020-10-01,11.28,American Airlines
70,2020-11-01,14.13,American Airlines
71,2020-12-01,15.77,American Airlines
,Date,Close,name
0,2015-01-01,29.290001,Apple
1,2015-02-01,32.115002000000004,Apple
2,2015-03-01,31.1075,Apple
3,2015-04-01,31.2875,Apple
4,2015-05-01,32.57,Apple
5,2015-06-01,31.3575,Apple
6,2015-07-01,30.325001,Apple
7,2015-08-01,28.190001000000002,Apple
8,2015-09-01,27.575001,Apple
9,2015-10-01,29.875,Apple
10,2015-11-01,29.575001,Apple
11,2015-12-01,26.315001000000002,Apple
12,2016-01-01,24.334999,Apple
13,2016-02-01,24.172501,Apple
14,2016-03-01,27.247498999999998,Apple
15,2016-04-01,23.434998999999998,Apple
16,2016-05-01,24.965,Apple
17,2016-06-01,23.9,Apple
18,2016-07-01,26.0525,Apple
19,2016-08-01,26.525,Apple
20,2016-09-01,28.262501,Apple
21,2016-10-01,28.385,Apple
22,2016-11-01,27.629998999999998,Apple
23,2016-12-01,28.955,Apple
24,2017-01-01,30.3375,Apple
25,2017-02-01,34.247501,Apple
26,2017-03-01,35.915001000000004,Apple
27,2017-04-01,35.912498,Apple
28,2017-05-01,38.189999,Apple
29,2017-06-01,36.005001,Apple
30,2017-07-01,37.182499,Apple
31,2017-08-01,41.0,Apple
32,2017-09-01,38.529999,Apple
33,2017-10-01,42.259997999999996,Apple
34,2017-11-01,42.962502,Apple
35,2017-12-01,42.307499,Apple
36,2018-01-01,41.857498,Apple
37,2018-02-01,44.529999,Apple
38,2018-03-01,41.945,Apple
39,2018-04-01,41.314999,Apple
40,2018-05-01,46.717499,Apple
41,2018-06-01,46.2775,Apple
42,2018-07-01,47.572497999999996,Apple
43,2018-08-01,56.907501,Apple
44,2018-09-01,56.435001,Apple
45,2018-10-01,54.715,Apple
46,2018-11-01,44.645,Apple
47,2018-12-01,39.435001,Apple
48,2019-01-01,41.610001000000004,Apple
49,2019-02-01,43.287498,Apple
50,2019-03-01,47.487499,Apple
51,2019-04-01,50.1675,Apple
52,2019-05-01,43.767502,Apple
53,2019-06-01,49.48,Apple
54,2019-07-01,53.259997999999996,Apple
55,2019-08-01,52.185001,Apple
56,2019-09-01,55.9925,Apple
57,2019-10-01,62.189999,Apple
58,2019-11-01,66.8125,Apple
59,2019-12-01,73.412498,Apple
60,2020-01-01,77.377502,Apple
61,2020-02-01,68.339996,Apple
62,2020-03-01,63.572497999999996,Apple
63,2020-04-01,73.449997,Apple
64,2020-05-01,79.485001,Apple
65,2020-06-01,91.199997,Apple
66,2020-07-01,106.260002,Apple
67,2020-08-01,129.03999299999998,Apple
68,2020-09-01,115.809998,Apple
69,2020-10-01,108.860001,Apple
70,2020-11-01,119.050003,Apple
71,2020-12-01,132.690002,Apple
,Date,Close,name
0,2015-01-01,217.464005,Bitcoin
1,2015-02-01,254.263,Bitcoin
2,2015-03-01,244.22399900000002,Bitcoin
3,2015-04-01,236.145004,Bitcoin
4,2015-05-01,230.190002,Bitcoin
5,2015-06-01,263.071991,Bitcoin
6,2015-07-01,284.649994,Bitcoin
7,2015-08-01,230.056,Bitcoin
8,2015-09-01,236.059998,Bitcoin
9,2015-10-01,314.16598500000003,Bitcoin
10,2015-11-01,377.321014,Bitcoin
11,2015-12-01,430.56698600000004,Bitcoin
12,2016-01-01,368.766998,Bitcoin
13,2016-02-01,437.696991,Bitcoin
14,2016-03-01,416.72900400000003,Bitcoin
15,2016-04-01,448.31799299999994,Bitcoin
16,2016-05-01,531.385986,Bitcoin
17,2016-06-01,673.336975,Bitcoin
18,2016-07-01,624.68103,Bitcoin
19,2016-08-01,575.471985,Bitcoin
20,2016-09-01,609.7349849999999,Bitcoin
21,2016-10-01,700.971985,Bitcoin
22,2016-11-01,745.690979,Bitcoin
23,2016-12-01,963.7429810000001,Bitcoin
24,2017-01-01,970.403015,Bitcoin
25,2017-02-01,1179.969971,Bitcoin
26,2017-03-01,1071.790039,Bitcoin
27,2017-04-01,1347.890015,Bitcoin
28,2017-05-01,2286.409912,Bitcoin
29,2017-06-01,2480.840088,Bitcoin
30,2017-07-01,2875.340088,Bitcoin
31,2017-08-01,4703.390136999999,Bitcoin
32,2017-09-01,4338.709961,Bitcoin
33,2017-10-01,6468.399902,Bitcoin
34,2017-11-01,10233.599609,Bitcoin
35,2017-12-01,14156.400391,Bitcoin
36,2018-01-01,10221.099609,Bitcoin
37,2018-02-01,10397.900391,Bitcoin
38,2018-03-01,6973.529785,Bitcoin
39,2018-04-01,9240.549805,Bitcoin
40,2018-05-01,7494.169922,Bitcoin
41,2018-06-01,6404.0,Bitcoin
42,2018-07-01,7780.439941,Bitcoin
43,2018-08-01,7037.580078,Bitcoin
44,2018-09-01,6625.560059,Bitcoin
45,2018-10-01,6317.609863000001,Bitcoin
46,2018-11-01,4017.2685549999997,Bitcoin
47,2018-12-01,3742.700439,Bitcoin
48,2019-01-01,3457.792725,Bitcoin
49,2019-02-01,3854.7854,Bitcoin
50,2019-03-01,4105.404297,Bitcoin
51,2019-04-01,5350.726563,Bitcoin
52,2019-05-01,8574.501953,Bitcoin
53,2019-06-01,10817.155273,Bitcoin
54,2019-07-01,10085.62793,Bitcoin
55,2019-08-01,9630.664063,Bitcoin
56,2019-09-01,8293.868164,Bitcoin
57,2019-10-01,9199.584961,Bitcoin
58,2019-11-01,7569.629883,Bitcoin
59,2019-12-01,7193.599120999999,Bitcoin
60,2020-01-01,9350.529297,Bitcoin
61,2020-02-01,8599.508789,Bitcoin
62,2020-03-01,6438.644531,Bitcoin
63,2020-04-01,8658.553711,Bitcoin
64,2020-05-01,9461.058594,Bitcoin
65,2020-06-01,9137.993164,Bitcoin
66,2020-07-01,11323.466797,Bitcoin
67,2020-08-01,11680.820313,Bitcoin
68,2020-09-01,10787.618164,Bitcoin
69,2020-10-01,13780.995116999999,Bitcoin
70,2020-11-01,19625.835938,Bitcoin
71,2020-12-01,29001.720702999995,Bitcoin
,Date,Close,name
0,2015-01-01,48.240002000000004,ropa
1,2015-04-01,59.630001,ropa
2,2015-05-01,60.299999,ropa
3,2015-06-01,59.470001,ropa
4,2015-07-01,47.119999,ropa
5,2015-08-01,49.200001,ropa
6,2015-09-01,45.09,ropa
7,2015-10-01,46.59,ropa
8,2015-12-01,37.040001000000004,ropa
9,2016-01-01,33.619999,ropa
10,2016-02-01,33.75,ropa
11,2016-03-01,38.34,ropa
12,2016-04-01,45.919998,ropa
13,2016-06-01,48.330002,ropa
14,2016-07-01,41.599998,ropa
15,2016-08-01,44.700001,ropa
16,2016-09-01,48.240002000000004,ropa
17,2016-10-01,46.860001000000004,ropa
18,2016-11-01,49.439999,ropa
19,2016-12-01,53.720001,ropa
20,2017-02-01,54.009997999999996,ropa
21,2017-03-01,50.599998,ropa
22,2017-04-01,49.330002,ropa
23,2017-05-01,48.32,ropa
24,2017-06-01,46.040001000000004,ropa
25,2017-07-01,50.169998,ropa
26,2017-08-01,47.23,ropa
27,2017-09-01,51.669998,ropa
28,2017-11-01,57.400002,ropa
29,2017-12-01,60.419998,ropa
30,2018-01-01,64.730003,ropa
31,2018-02-01,61.639998999999996,ropa
32,2018-03-01,64.940002,ropa
33,2018-05-01,67.040001,ropa
34,2018-06-01,74.150002,ropa
35,2018-08-01,69.800003,ropa
36,2018-09-01,73.25,ropa
37,2018-10-01,65.309998,ropa
38,2018-11-01,50.93,ropa
39,2018-12-01,45.41,ropa
40,2019-01-01,53.790001000000004,ropa
41,2019-02-01,57.220001,ropa
42,2019-03-01,60.139998999999996,ropa
43,2019-04-01,63.91,ropa
44,2019-05-01,53.5,ropa
45,2019-06-01,58.470001,ropa
46,2019-07-01,58.580002,ropa
47,2019-08-01,55.099998,ropa
48,2019-10-01,54.18,ropa
49,2019-11-01,55.169998,ropa
50,2020-01-01,51.560001,ropa
51,2020-02-01,44.759997999999996,ropa
52,2020-04-01,18.84,ropa
53,2020-05-01,35.490002000000004,ropa
54,2020-06-01,39.27,ropa
55,2020-07-01,40.27,ropa
56,2020-08-01,42.610001000000004,ropa
57,2020-09-01,40.220001,ropa
58,2020-10-01,35.790001000000004,ropa
59,2020-12-01,48.52,ropa
,Date,Close,name
0,2015-01-01,1278.5,zlato
1,2015-04-01,1182.400024,zlato
2,2015-05-01,1189.400024,zlato
3,2015-06-01,1171.5,zlato
4,2015-07-01,1094.900024,zlato
5,2015-08-01,1131.599976,zlato
6,2015-09-01,1115.5,zlato
7,2015-10-01,1141.5,zlato
8,2015-12-01,1060.300049,zlato
9,2016-01-01,1116.400024,zlato
10,2016-02-01,1233.900024,zlato
11,2016-03-01,1234.199951,zlato
12,2016-04-01,1289.199951,zlato
13,2016-06-01,1318.400024,zlato
14,2016-07-01,1349.0,zlato
15,2016-08-01,1306.900024,zlato
16,2016-09-01,1313.300049,zlato
17,2016-10-01,1271.5,zlato
18,2016-11-01,1170.800049,zlato
19,2016-12-01,1150.0,zlato
20,2017-02-01,1252.599976,zlato
21,2017-03-01,1247.300049,zlato
22,2017-04-01,1266.099976,zlato
23,2017-05-01,1272.0,zlato
24,2017-06-01,1240.699951,zlato
25,2017-07-01,1266.599976,zlato
26,2017-08-01,1316.199951,zlato
27,2017-09-01,1281.5,zlato
28,2017-11-01,1273.199951,zlato
29,2017-12-01,1306.300049,zlato
30,2018-01-01,1339.0,zlato
31,2018-02-01,1315.5,zlato
32,2018-03-01,1322.800049,zlato
33,2018-05-01,1300.099976,zlato
34,2018-06-01,1251.300049,zlato
35,2018-08-01,1200.300049,zlato
36,2018-09-01,1191.5,zlato
37,2018-10-01,1212.300049,zlato
38,2018-11-01,1220.199951,zlato
39,2018-12-01,1278.300049,zlato
40,2019-01-01,1319.699951,zlato
41,2019-02-01,1312.800049,zlato
42,2019-03-01,1293.0,zlato
43,2019-04-01,1282.800049,zlato
44,2019-05-01,1305.800049,zlato
45,2019-06-01,1409.699951,zlato
46,2019-07-01,1426.099976,zlato
47,2019-08-01,1519.099976,zlato
48,2019-10-01,1511.400024,zlato
49,2019-11-01,1465.599976,zlato
50,2020-01-01,1582.900024,zlato
51,2020-02-01,1564.099976,zlato
52,2020-04-01,1684.199951,zlato
53,2020-05-01,1736.9000239999998,zlato
54,2020-06-01,1793.0,zlato
55,2020-07-01,1962.800049,zlato
56,2020-08-01,1967.5999760000002,zlato
57,2020-09-01,1887.5,zlato
58,2020-10-01,1877.4000239999998,zlato
59,2020-12-01,1893.0999760000002,zlato
,Date,Close,name
0,2015-01-01,2.528,med
1,2015-04-01,2.8865,med
2,2015-05-01,2.7595,med
3,2015-06-01,2.6235,med
4,2015-07-01,2.3675,med
5,2015-08-01,2.338,med
6,2015-09-01,2.3455,med
7,2015-10-01,2.3135,med
8,2015-12-01,2.1255,med
9,2016-01-01,2.064,med
10,2016-02-01,2.1285,med
11,2016-03-01,2.1815,med
12,2016-04-01,2.279,med
13,2016-06-01,2.1945,med
14,2016-07-01,2.2205,med
15,2016-08-01,2.0695,med
16,2016-09-01,2.202,med
17,2016-10-01,2.2005,med
18,2016-11-01,2.6215,med
19,2016-12-01,2.4975,med
20,2017-02-01,2.704,med
21,2017-03-01,2.6465,med
22,2017-04-01,2.5965,med
23,2017-05-01,2.577,med
24,2017-06-01,2.699,med
25,2017-07-01,2.888,med
26,2017-08-01,3.079,med
27,2017-09-01,2.9375,med
28,2017-11-01,3.037,med
29,2017-12-01,3.2795,med
30,2018-01-01,3.184,med
31,2018-02-01,3.1075,med
32,2018-03-01,3.019,med
33,2018-05-01,3.058,med
34,2018-06-01,2.951,med
35,2018-08-01,2.649,med
36,2018-09-01,2.787,med
37,2018-10-01,2.6635,med
38,2018-11-01,2.7775,med
39,2018-12-01,2.628,med
40,2019-01-01,2.789,med
41,2019-02-01,2.95,med
42,2019-03-01,2.936,med
43,2019-04-01,2.9015,med
44,2019-05-01,2.646,med
45,2019-06-01,2.7055,med
46,2019-07-01,2.658,med
47,2019-08-01,2.533,med
48,2019-10-01,2.633,med
49,2019-11-01,2.642,med
50,2020-01-01,2.52,med
51,2020-02-01,2.546,med
52,2020-04-01,2.354,med
53,2020-05-01,2.4265,med
54,2020-06-01,2.7135,med
55,2020-07-01,2.859,med
56,2020-08-01,3.041,med
57,2020-09-01,3.0285,med
58,2020-10-01,3.0435,med
59,2020-12-01,3.514,med
,Date,Close,name
0,2015-01-01,15.055,Lufthansa
1,2015-02-01,13.1,Lufthansa
2,2015-03-01,13.08,Lufthansa
3,2015-04-01,12.4,Lufthansa
4,2015-05-01,12.8,Lufthansa
5,2015-06-01,11.565,Lufthansa
6,2015-07-01,12.35,Lufthansa
7,2015-08-01,10.855,Lufthansa
8,2015-09-01,12.425,Lufthansa
9,2015-10-01,13.43,Lufthansa
10,2015-11-01,13.565,Lufthansa
11,2015-12-01,14.565,Lufthansa
12,2016-01-01,13.465,Lufthansa
13,2016-02-01,13.785,Lufthansa
14,2016-03-01,14.205,Lufthansa
15,2016-04-01,13.56,Lufthansa
16,2016-05-01,12.595,Lufthansa
17,2016-06-01,10.53,Lufthansa
18,2016-07-01,10.63,Lufthansa
19,2016-08-01,10.445,Lufthansa
20,2016-09-01,9.905,Lufthansa
21,2016-10-01,11.645,Lufthansa
22,2016-11-01,12.225,Lufthansa
23,2016-12-01,12.27,Lufthansa
24,2017-01-01,12.335,Lufthansa
25,2017-02-01,13.83,Lufthansa
26,2017-03-01,15.2,Lufthansa
27,2017-04-01,15.84,Lufthansa
28,2017-05-01,17.295,Lufthansa
29,2017-06-01,19.924999,Lufthansa
30,2017-07-01,18.174999,Lufthansa
31,2017-08-01,21.07,Lufthansa
32,2017-09-01,23.51,Lufthansa
33,2017-10-01,27.4,Lufthansa
34,2017-11-01,28.870001000000002,Lufthansa
35,2017-12-01,30.719998999999998,Lufthansa
36,2018-01-01,28.74,Lufthansa
37,2018-02-01,27.620001000000002,Lufthansa
38,2018-03-01,25.940001000000002,Lufthansa
39,2018-04-01,24.17,Lufthansa
40,2018-05-01,23.25,Lufthansa
41,2018-06-01,20.6,Lufthansa
42,2018-07-01,24.0,Lufthansa
43,2018-08-01,22.49,Lufthansa
44,2018-09-01,21.16,Lufthansa
45,2018-10-01,17.76,Lufthansa
46,2018-11-01,21.5,Lufthansa
47,2018-12-01,19.700001,Lufthansa
48,2019-01-01,22.059998999999998,Lufthansa
49,2019-02-01,22.450001,Lufthansa
50,2019-03-01,19.565001000000002,Lufthansa
51,2019-04-01,21.52,Lufthansa
52,2019-05-01,17.049999,Lufthansa
53,2019-06-01,15.07,Lufthansa
54,2019-07-01,14.375,Lufthansa
55,2019-08-01,13.98,Lufthansa
56,2019-09-01,14.58,Lufthansa
57,2019-10-01,15.545,Lufthansa
58,2019-11-01,17.219998999999998,Lufthansa
59,2019-12-01,16.41,Lufthansa
60,2020-01-01,13.83,Lufthansa
61,2020-02-01,11.69,Lufthansa
62,2020-03-01,8.562,Lufthansa
63,2020-04-01,8.158,Lufthansa
64,2020-05-01,9.142,Lufthansa
65,2020-06-01,8.942,Lufthansa
66,2020-07-01,7.478,Lufthansa
67,2020-08-01,8.73,Lufthansa
68,2020-09-01,7.36,Lufthansa
69,2020-10-01,7.372,Lufthansa
70,2020-11-01,9.646,Lufthansa
71,2020-12-01,10.815,Lufthansa
,Date,Close,name
0,2015-01-01,2.691,zemni plyn
1,2015-04-01,2.751,zemni plyn
2,2015-05-01,2.642,zemni plyn
3,2015-06-01,2.832,zemni plyn
4,2015-07-01,2.716,zemni plyn
5,2015-08-01,2.689,zemni plyn
6,2015-09-01,2.524,zemni plyn
7,2015-10-01,2.321,zemni plyn
8,2015-12-01,2.337,zemni plyn
9,2016-01-01,2.298,zemni plyn
10,2016-02-01,1.711,zemni plyn
11,2016-03-01,1.959,zemni plyn
12,2016-04-01,2.178,zemni plyn
13,2016-06-01,2.924,zemni plyn
14,2016-07-01,2.876,zemni plyn
15,2016-08-01,2.887,zemni plyn
16,2016-09-01,2.906,zemni plyn
17,2016-10-01,3.026,zemni plyn
18,2016-11-01,3.352,zemni plyn
19,2016-12-01,3.724,zemni plyn
20,2017-02-01,2.774,zemni plyn
21,2017-03-01,3.19,zemni plyn
22,2017-04-01,3.276,zemni plyn
23,2017-05-01,3.071,zemni plyn
24,2017-06-01,3.035,zemni plyn
25,2017-07-01,2.794,zemni plyn
26,2017-08-01,3.04,zemni plyn
27,2017-09-01,3.007,zemni plyn
28,2017-11-01,3.025,zemni plyn
29,2017-12-01,2.953,zemni plyn
30,2018-01-01,2.995,zemni plyn
31,2018-02-01,2.667,zemni plyn
32,2018-03-01,2.733,zemni plyn
33,2018-05-01,2.952,zemni plyn
34,2018-06-01,2.924,zemni plyn
35,2018-08-01,2.916,zemni plyn
36,2018-09-01,3.008,zemni plyn
37,2018-10-01,3.261,zemni plyn
38,2018-11-01,4.612,zemni plyn
39,2018-12-01,2.94,zemni plyn
40,2019-01-01,2.814,zemni plyn
41,2019-02-01,2.812,zemni plyn
42,2019-03-01,2.662,zemni plyn
43,2019-04-01,2.575,zemni plyn
44,2019-05-01,2.454,zemni plyn
45,2019-06-01,2.308,zemni plyn
46,2019-07-01,2.233,zemni plyn
47,2019-08-01,2.285,zemni plyn
48,2019-10-01,2.633,zemni plyn
49,2019-11-01,2.281,zemni plyn
50,2020-01-01,1.841,zemni plyn
51,2020-02-01,1.684,zemni plyn
52,2020-04-01,1.949,zemni plyn
53,2020-05-01,1.849,zemni plyn
54,2020-06-01,1.751,zemni plyn
55,2020-07-01,1.799,zemni plyn
56,2020-08-01,2.63,zemni plyn
57,2020-09-01,2.527,zemni plyn
58,2020-10-01,3.354,zemni plyn
59,2020-12-01,2.539,zemni plyn
,Date,Close,name
0,2015-01-02,15.734,stribro
1,2015-01-05,16.179001,stribro
2,2015-01-06,16.603001000000003,stribro
3,2015-01-07,16.51,stribro
4,2015-01-08,16.351,stribro
5,2015-01-09,16.386,stribro
6,2015-01-12,16.535,stribro
7,2015-01-13,17.125,stribro
8,2015-01-14,16.955999,stribro
9,2015-01-15,17.073,stribro
10,2015-01-16,17.739,stribro
11,2015-01-20,17.947001,stribro
12,2015-01-21,18.179001,stribro
13,2015-01-22,18.346001,stribro
14,2015-01-23,18.284,stribro
15,2015-01-26,17.966998999999998,stribro
16,2015-01-27,18.068001000000002,stribro
17,2015-01-28,18.068001000000002,stribro
18,2015-01-29,16.757998999999998,stribro
19,2015-01-30,17.191999,stribro
20,2015-02-02,17.235001,stribro
21,2015-02-03,17.305,stribro
22,2015-02-04,17.379,stribro
23,2015-02-05,17.18,stribro
24,2015-02-06,16.677999,stribro
25,2015-02-09,17.054001,stribro
26,2015-02-10,16.857,stribro
27,2015-02-11,16.745001000000002,stribro
28,2015-02-12,16.778,stribro
29,2015-02-13,17.278,stribro
30,2015-02-17,16.362,stribro
31,2015-02-18,16.25,stribro
32,2015-02-19,16.371,stribro
33,2015-02-20,16.263,stribro
34,2015-02-23,16.247,stribro
35,2015-02-24,16.181998999999998,stribro
36,2015-02-25,16.424,stribro
37,2015-02-26,16.583,stribro
38,2015-02-27,16.513,stribro
39,2015-03-02,16.407,stribro
40,2015-03-03,16.257998999999998,stribro
41,2015-03-04,16.132,stribro
42,2015-03-05,16.132,stribro
43,2015-03-06,15.784,stribro
44,2015-03-09,15.755,stribro
45,2015-03-10,15.613,stribro
46,2015-03-11,15.345,stribro
47,2015-03-12,15.493,stribro
48,2015-03-13,15.477,stribro
49,2015-03-16,15.601,stribro
50,2015-03-17,15.562,stribro
51,2015-03-18,15.525,stribro
52,2015-03-19,16.098,stribro
53,2015-03-20,16.867001000000002,stribro
54,2015-03-23,16.872,stribro
55,2015-03-24,16.962999,stribro
56,2015-03-25,16.98,stribro
57,2015-03-26,17.122,stribro
58,2015-03-27,17.052,stribro
59,2015-03-30,16.657,stribro
60,2015-03-31,16.580999,stribro
61,2015-04-01,17.044001,stribro
62,2015-04-02,16.686001,stribro
63,2015-04-06,17.094998999999998,stribro
64,2015-04-07,16.825001,stribro
65,2015-04-08,16.440001000000002,stribro
66,2015-04-09,16.164,stribro
67,2015-04-10,16.370001000000002,stribro
68,2015-04-13,16.280001000000002,stribro
69,2015-04-14,16.150999,stribro
70,2015-04-15,16.268998999999997,stribro
71,2015-04-16,16.275999,stribro
72,2015-04-17,16.221001,stribro
73,2015-04-20,15.883,stribro
74,2015-04-21,16.002001,stribro
75,2015-04-22,15.791,stribro
76,2015-04-23,15.824,stribro
77,2015-04-24,15.631,stribro
78,2015-04-27,16.389999,stribro
79,2015-04-28,16.587,stribro
80,2015-04-29,16.67,stribro
81,2015-04-30,16.124001,stribro
82,2015-05-01,16.111,stribro
83,2015-05-04,16.417999,stribro
84,2015-05-05,16.556998999999998,stribro
85,2015-05-06,16.483999,stribro
86,2015-05-07,16.271998999999997,stribro
87,2015-05-08,16.441999,stribro
88,2015-05-11,16.298,stribro
89,2015-05-12,16.51,stribro
90,2015-05-13,17.207001,stribro
91,2015-05-14,17.448999,stribro
92,2015-05-15,17.545,stribro
93,2015-05-18,17.712,stribro
94,2015-05-19,17.049999,stribro
95,2015-05-20,17.091998999999998,stribro
96,2015-05-21,17.111,stribro
97,2015-05-22,17.030001000000002,stribro
98,2015-05-26,16.733999,stribro
99,2015-05-27,16.638,stribro
100,2015-05-28,16.653,stribro
101,2015-05-29,16.684,stribro
102,2015-06-01,16.664,stribro
103,2015-06-02,16.783001000000002,stribro
104,2015-06-03,16.464001,stribro
105,2015-06-04,16.089001,stribro
106,2015-06-05,15.971,stribro
107,2015-06-08,15.951,stribro
108,2015-06-09,15.949,stribro
109,2015-06-10,15.952,stribro
110,2015-06-11,15.953,stribro
111,2015-06-12,15.818,stribro
112,2015-06-15,16.076,stribro
113,2015-06-16,15.958,stribro
114,2015-06-17,15.94,stribro
115,2015-06-18,16.148001,stribro
116,2015-06-19,16.104,stribro
117,2015-06-22,16.136999,stribro
118,2015-06-23,15.732,stribro
119,2015-06-24,15.848,stribro
120,2015-06-25,15.805,stribro
121,2015-06-26,15.735,stribro
122,2015-06-29,15.664,stribro
123,2015-06-30,15.551,stribro
124,2015-07-01,15.552,stribro
125,2015-07-02,15.537,stribro
126,2015-07-06,15.726,stribro
127,2015-07-07,14.95,stribro
128,2015-07-08,15.147,stribro
129,2015-07-09,15.345,stribro
130,2015-07-10,15.468,stribro
131,2015-07-13,15.436,stribro
132,2015-07-14,15.295,stribro
133,2015-07-15,15.028,stribro
134,2015-07-16,14.964,stribro
135,2015-07-17,14.82,stribro
136,2015-07-20,14.745,stribro
137,2015-07-21,14.769,stribro
138,2015-07-22,14.714,stribro
139,2015-07-23,14.683,stribro
140,2015-07-24,14.477,stribro
141,2015-07-27,14.594,stribro
142,2015-07-28,14.631,stribro
143,2015-07-29,14.734,stribro
144,2015-07-30,14.691,stribro
145,2015-07-31,14.746,stribro
146,2015-08-03,14.516,stribro
147,2015-08-04,14.55,stribro
148,2015-08-05,14.546,stribro
149,2015-08-06,14.67,stribro
150,2015-08-07,14.816,stribro
151,2015-08-10,15.289,stribro
152,2015-08-11,15.281,stribro
153,2015-08-12,15.473,stribro
154,2015-08-13,15.396,stribro
155,2015-08-14,15.21,stribro
156,2015-08-17,15.295,stribro
157,2015-08-18,14.787,stribro
158,2015-08-19,15.176,stribro
159,2015-08-20,15.517,stribro
160,2015-08-21,15.301,stribro
161,2015-08-24,14.762,stribro
162,2015-08-25,14.61,stribro
163,2015-08-26,14.045,stribro
164,2015-08-27,14.421,stribro
165,2015-08-28,14.535,stribro
166,2015-08-31,14.577,stribro
167,2015-09-01,14.613,stribro
168,2015-09-02,14.661,stribro
169,2015-09-03,14.702,stribro
170,2015-09-04,14.544,stribro
171,2015-09-08,14.75,stribro
172,2015-09-09,14.568,stribro
173,2015-09-10,14.634,stribro
174,2015-09-11,14.49,stribro
175,2015-09-14,14.357,stribro
176,2015-09-15,14.319,stribro
177,2015-09-16,14.878,stribro
178,2015-09-17,14.975,stribro
179,2015-09-18,15.154,stribro
180,2015-09-21,15.216,stribro
181,2015-09-22,14.75,stribro
182,2015-09-23,14.78,stribro
183,2015-09-24,15.125,stribro
184,2015-09-25,15.106,stribro
185,2015-09-28,14.538,stribro
186,2015-09-29,14.569,stribro
187,2015-09-30,14.513,stribro
188,2015-10-01,14.506,stribro
189,2015-10-02,15.257,stribro
190,2015-10-05,15.702,stribro
191,2015-10-06,15.979,stribro
192,2015-10-07,16.087999,stribro
193,2015-10-08,15.76,stribro
194,2015-10-09,15.809,stribro
195,2015-10-12,15.855,stribro
196,2015-10-13,15.897,stribro
197,2015-10-14,16.101999,stribro
198,2015-10-15,16.152,stribro
199,2015-10-16,16.101999,stribro
200,2015-10-19,15.829,stribro
201,2015-10-20,15.905,stribro
202,2015-10-21,15.696,stribro
203,2015-10-22,15.823,stribro
204,2015-10-23,15.818,stribro
205,2015-10-26,15.9,stribro
206,2015-10-27,15.858,stribro
207,2015-10-28,16.288,stribro
208,2015-10-29,15.544,stribro
209,2015-10-30,15.566,stribro
210,2015-11-02,15.413,stribro
211,2015-11-03,15.244,stribro
212,2015-11-04,15.063,stribro
213,2015-11-05,14.988,stribro
214,2015-11-06,14.696,stribro
215,2015-11-09,14.418,stribro
216,2015-11-10,14.356,stribro
217,2015-11-11,14.262,stribro
218,2015-11-12,14.224,stribro
219,2015-11-13,14.203,stribro
220,2015-11-16,14.221,stribro
221,2015-11-17,14.17,stribro
222,2015-11-18,14.08,stribro
223,2015-11-19,14.242,stribro
224,2015-11-20,14.106,stribro
225,2015-11-23,14.042,stribro
226,2015-11-24,14.169,stribro
227,2015-11-25,14.168,stribro
228,2015-11-27,14.008,stribro
229,2015-11-30,14.05,stribro
230,2015-12-01,14.055,stribro
231,2015-12-02,13.979,stribro
232,2015-12-03,14.053,stribro
233,2015-12-04,14.505,stribro
234,2015-12-07,14.307,stribro
235,2015-12-08,14.091,stribro
236,2015-12-09,14.164,stribro
237,2015-12-10,14.085,stribro
238,2015-12-11,13.859,stribro
239,2015-12-14,13.666,stribro
240,2015-12-15,13.74,stribro
241,2015-12-16,14.218,stribro
242,2015-12-17,13.683,stribro
243,2015-12-18,14.08,stribro
244,2015-12-21,14.301,stribro
245,2015-12-22,14.302,stribro
246,2015-12-23,14.277,stribro
247,2015-12-24,14.369,stribro
248,2015-12-28,13.873,stribro
249,2015-12-29,13.917,stribro
250,2015-12-30,13.814,stribro
251,2015-12-31,13.775,stribro
252,2016-01-04,13.817,stribro
253,2016-01-05,13.949,stribro
254,2016-01-06,13.957,stribro
255,2016-01-07,14.335,stribro
256,2016-01-08,13.908,stribro
257,2016-01-11,13.855,stribro
258,2016-01-12,13.74,stribro
259,2016-01-13,14.145,stribro
260,2016-01-14,13.737,stribro
261,2016-01-15,13.884,stribro
262,2016-01-18,,stribro
263,2016-01-19,14.11,stribro
264,2016-01-20,14.147,stribro
265,2016-01-21,14.083,stribro
266,2016-01-22,14.043,stribro
267,2016-01-25,14.24,stribro
268,2016-01-26,14.544,stribro
269,2016-01-27,14.44,stribro
270,2016-01-28,14.216,stribro
271,2016-01-29,14.229,stribro
272,2016-02-01,14.329,stribro
273,2016-02-02,14.276,stribro
274,2016-02-03,14.72,stribro
275,2016-02-04,14.836,stribro
276,2016-02-05,14.764,stribro
277,2016-02-08,15.416,stribro
278,2016-02-09,15.444,stribro
279,2016-02-10,15.277,stribro
280,2016-02-11,15.789,stribro
281,2016-02-12,15.785,stribro
282,2016-02-15,,stribro
283,2016-02-16,15.329,stribro
284,2016-02-17,15.372,stribro
285,2016-02-18,15.427,stribro
286,2016-02-19,15.368,stribro
287,2016-02-22,15.179,stribro
288,2016-02-23,15.235,stribro
289,2016-02-24,15.292,stribro
290,2016-02-25,15.165,stribro
291,2016-02-26,14.689,stribro
292,2016-02-29,14.896,stribro
293,2016-03-01,14.733,stribro
294,2016-03-02,15.003,stribro
295,2016-03-03,15.131,stribro
296,2016-03-04,15.681,stribro
297,2016-03-07,15.623,stribro
298,2016-03-08,15.384,stribro
299,2016-03-09,15.355,stribro
300,2016-03-10,15.546,stribro
301,2016-03-11,15.607,stribro
302,2016-03-14,15.518,stribro
303,2016-03-15,15.255,stribro
304,2016-03-16,15.214,stribro
305,2016-03-17,16.021998999999997,stribro
306,2016-03-18,15.806,stribro
307,2016-03-21,15.841,stribro
308,2016-03-22,15.877,stribro
309,2016-03-23,15.263,stribro
310,2016-03-24,15.191,stribro
311,2016-03-28,15.194,stribro
312,2016-03-29,15.237,stribro
313,2016-03-30,15.206,stribro
314,2016-03-31,15.46,stribro
315,2016-04-01,15.042,stribro
316,2016-04-04,14.942,stribro
317,2016-04-05,15.114,stribro
318,2016-04-06,15.052,stribro
319,2016-04-07,15.156,stribro
320,2016-04-08,15.382,stribro
321,2016-04-11,15.974,stribro
322,2016-04-12,16.219998999999998,stribro
323,2016-04-13,16.323,stribro
324,2016-04-14,16.169001,stribro
325,2016-04-15,16.309,stribro
326,2016-04-18,16.249001,stribro
327,2016-04-19,16.968,stribro
328,2016-04-20,17.131001,stribro
329,2016-04-21,17.086,stribro
330,2016-04-22,16.896,stribro
331,2016-04-25,17.004998999999998,stribro
332,2016-04-26,17.106001000000003,stribro
333,2016-04-27,17.285999,stribro
334,2016-04-28,17.552999,stribro
335,2016-04-29,17.789,stribro
336,2016-05-02,17.656,stribro
337,2016-05-03,17.474001,stribro
338,2016-05-04,17.277,stribro
339,2016-05-05,17.302,stribro
340,2016-05-06,17.507,stribro
341,2016-05-09,17.07,stribro
342,2016-05-10,17.075001,stribro
343,2016-05-11,17.302,stribro
344,2016-05-12,17.087,stribro
345,2016-05-13,17.115,stribro
346,2016-05-16,17.142,stribro
347,2016-05-17,17.235001,stribro
348,2016-05-18,17.120001000000002,stribro
349,2016-05-19,16.479,stribro
350,2016-05-20,16.518998999999997,stribro
351,2016-05-23,16.41,stribro
352,2016-05-24,16.238001,stribro
353,2016-05-25,16.254998999999998,stribro
354,2016-05-26,16.337999,stribro
355,2016-05-27,16.246,stribro
356,2016-05-31,15.972,stribro
357,2016-06-01,15.906,stribro
358,2016-06-02,16.004998999999998,stribro
359,2016-06-03,16.346001,stribro
360,2016-06-06,16.427999,stribro
361,2016-06-07,16.377001,stribro
362,2016-06-08,16.968,stribro
363,2016-06-09,17.253,stribro
364,2016-06-10,17.315001000000002,stribro
365,2016-06-13,17.427999,stribro
366,2016-06-14,17.41,stribro
367,2016-06-15,17.489,stribro
368,2016-06-16,17.594,stribro
369,2016-06-17,17.4,stribro
370,2016-06-20,17.503,stribro
371,2016-06-21,17.311001,stribro
372,2016-06-22,17.305,stribro
373,2016-06-23,17.348,stribro
374,2016-06-24,17.785,stribro
375,2016-06-27,17.74,stribro
376,2016-06-28,17.839001,stribro
377,2016-06-29,18.362,stribro
378,2016-06-30,18.582001,stribro
379,2016-07-01,19.544001,stribro
380,2016-07-05,19.865999,stribro
381,2016-07-06,20.16,stribro
382,2016-07-07,19.798,stribro
383,2016-07-08,20.058001,stribro
384,2016-07-11,20.264,stribro
385,2016-07-12,20.129998999999998,stribro
386,2016-07-13,20.370001000000002,stribro
387,2016-07-14,20.281,stribro
388,2016-07-15,20.125,stribro
389,2016-07-18,20.044001,stribro
390,2016-07-19,19.975,stribro
391,2016-07-20,19.582001,stribro
392,2016-07-21,19.784,stribro
393,2016-07-22,19.657,stribro
394,2016-07-25,19.615,stribro
395,2016-07-26,19.655001000000002,stribro
396,2016-07-27,19.965,stribro
397,2016-07-28,20.16,stribro
398,2016-07-29,20.312,stribro
399,2016-08-01,20.465,stribro
400,2016-08-02,20.666,stribro
401,2016-08-03,20.436001,stribro
402,2016-08-04,20.406,stribro
403,2016-08-05,19.780001000000002,stribro
404,2016-08-08,19.768,stribro
405,2016-08-09,19.813999,stribro
406,2016-08-10,20.134001,stribro
407,2016-08-11,19.983999,stribro
408,2016-08-12,19.672001,stribro
409,2016-08-15,19.820999,stribro
410,2016-08-16,19.848,stribro
411,2016-08-17,19.627001,stribro
412,2016-08-18,19.719998999999998,stribro
413,2016-08-19,19.301001,stribro
414,2016-08-22,18.843,stribro
415,2016-08-23,18.91,stribro
416,2016-08-24,18.545,stribro
417,2016-08-25,18.478001000000003,stribro
418,2016-08-26,18.645,stribro
419,2016-08-29,18.761999,stribro
420,2016-08-30,18.577,stribro
421,2016-08-31,18.622,stribro
422,2016-09-01,18.857,stribro
423,2016-09-02,19.275999,stribro
424,2016-09-06,20.049,stribro
425,2016-09-07,19.759001,stribro
426,2016-09-08,19.591,stribro
427,2016-09-09,19.282,stribro
428,2016-09-12,18.915001,stribro
429,2016-09-13,18.889999,stribro
430,2016-09-14,18.982,stribro
431,2016-09-15,18.959,stribro
432,2016-09-16,18.781,stribro
433,2016-09-19,19.205999,stribro
434,2016-09-20,19.195,stribro
435,2016-09-21,19.686001,stribro
436,2016-09-22,20.02,stribro
437,2016-09-23,19.733,stribro
438,2016-09-26,19.516001,stribro
439,2016-09-27,19.087,stribro
440,2016-09-28,19.044001,stribro
441,2016-09-29,19.115,stribro
442,2016-09-30,19.139,stribro
443,2016-10-03,18.795,stribro
444,2016-10-04,17.712999,stribro
445,2016-10-05,17.634001,stribro
446,2016-10-06,17.288,stribro
447,2016-10-07,17.323999,stribro
448,2016-10-11,17.455999,stribro
449,2016-10-12,17.455,stribro
450,2016-10-13,17.41,stribro
451,2016-10-14,17.393,stribro
452,2016-10-17,17.426001,stribro
453,2016-10-18,17.591,stribro
454,2016-10-19,17.615999,stribro
455,2016-10-20,17.502001,stribro
456,2016-10-21,17.448,stribro
457,2016-10-24,17.562,stribro
458,2016-10-25,17.736,stribro
459,2016-10-26,17.584999,stribro
460,2016-10-27,17.604,stribro
461,2016-10-28,17.761999,stribro
462,2016-10-31,17.761999,stribro
463,2016-11-01,18.385,stribro
464,2016-11-02,18.66,stribro
465,2016-11-03,18.382998999999998,stribro
466,2016-11-04,18.341998999999998,stribro
467,2016-11-07,18.124001,stribro
468,2016-11-08,18.33,stribro
469,2016-11-09,18.357,stribro
470,2016-11-10,18.716,stribro
471,2016-11-14,16.877001,stribro
472,2016-11-15,17.028999,stribro
473,2016-11-16,16.914,stribro
474,2016-11-17,16.761,stribro
475,2016-11-18,16.613001,stribro
476,2016-11-21,16.511999,stribro
477,2016-11-22,16.622999,stribro
478,2016-11-23,16.382998999999998,stribro
479,2016-11-25,16.464001,stribro
480,2016-11-28,16.577999,stribro
481,2016-11-29,16.660999,stribro
482,2016-11-30,16.406,stribro
483,2016-12-01,16.427,stribro
484,2016-12-02,16.753,stribro
485,2016-12-05,16.823999,stribro
486,2016-12-06,16.74,stribro
487,2016-12-07,17.202999,stribro
488,2016-12-08,17.025,stribro
489,2016-12-09,16.896998999999997,stribro
490,2016-12-12,17.115999,stribro
491,2016-12-13,16.910999,stribro
492,2016-12-14,17.152,stribro
493,2016-12-15,15.897,stribro
494,2016-12-16,16.153,stribro
495,2016-12-19,16.025999,stribro
496,2016-12-20,16.054001,stribro
497,2016-12-21,15.918,stribro
498,2016-12-22,15.815,stribro
499,2016-12-23,15.704,stribro
500,2016-12-27,15.929,stribro
501,2016-12-28,15.988,stribro
502,2016-12-29,16.163,stribro
503,2016-12-30,15.936,stribro
504,2017-01-03,16.356001000000003,stribro
505,2017-01-04,16.499001,stribro
506,2017-01-05,16.584,stribro
507,2017-01-06,16.466,stribro
508,2017-01-09,16.629998999999998,stribro
509,2017-01-10,16.802999,stribro
510,2017-01-11,16.783001000000002,stribro
511,2017-01-12,16.780001000000002,stribro
512,2017-01-13,16.719998999999998,stribro
513,2017-01-17,17.101999,stribro
514,2017-01-18,17.235001,stribro
515,2017-01-19,16.966998999999998,stribro
516,2017-01-20,16.997,stribro
517,2017-01-23,17.15,stribro
518,2017-01-24,17.149,stribro
519,2017-01-25,16.944,stribro
520,2017-01-26,16.813999,stribro
521,2017-01-27,17.1,stribro
522,2017-01-30,17.122,stribro
523,2017-01-31,17.511999,stribro
524,2017-02-01,17.42,stribro
525,2017-02-02,17.402,stribro
526,2017-02-03,17.452999,stribro
527,2017-02-06,17.667,stribro
528,2017-02-07,17.733,stribro
529,2017-02-08,17.683001,stribro
530,2017-02-09,17.719998999999998,stribro
531,2017-02-10,17.912001,stribro
532,2017-02-13,17.804001,stribro
533,2017-02-14,17.872,stribro
534,2017-02-15,17.947001,stribro
535,2017-02-16,18.063,stribro
536,2017-02-17,18.018998999999997,stribro
537,2017-02-21,17.99,stribro
538,2017-02-22,17.941999,stribro
539,2017-02-23,18.113001,stribro
540,2017-02-24,18.334999,stribro
541,2017-02-27,18.354,stribro
542,2017-02-28,18.42,stribro
543,2017-03-01,18.443001000000002,stribro
544,2017-03-02,17.705,stribro
545,2017-03-03,17.697001,stribro
546,2017-03-06,17.725,stribro
547,2017-03-07,17.492001000000002,stribro
548,2017-03-08,17.257,stribro
549,2017-03-09,16.993,stribro
550,2017-03-10,16.882998999999998,stribro
551,2017-03-13,16.934998999999998,stribro
552,2017-03-14,16.888,stribro
553,2017-03-15,16.888,stribro
554,2017-03-16,17.296,stribro
555,2017-03-17,17.379,stribro
556,2017-03-20,17.403,stribro
557,2017-03-21,17.549999,stribro
558,2017-03-22,17.545,stribro
559,2017-03-23,17.563,stribro
560,2017-03-24,17.719998999999998,stribro
561,2017-03-27,18.08,stribro
562,2017-03-28,18.225,stribro
563,2017-03-29,18.228001000000003,stribro
564,2017-03-30,18.184998999999998,stribro
565,2017-03-31,18.235001,stribro
566,2017-04-03,18.191,stribro
567,2017-04-04,18.302,stribro
568,2017-04-05,18.166,stribro
569,2017-04-06,18.225,stribro
570,2017-04-07,18.129998999999998,stribro
571,2017-04-10,17.893998999999997,stribro
572,2017-04-11,18.233,stribro
573,2017-04-12,18.278999,stribro
574,2017-04-13,18.489,stribro
575,2017-04-17,18.493,stribro
576,2017-04-18,18.250999,stribro
577,2017-04-19,18.136,stribro
578,2017-04-20,17.992001000000002,stribro
579,2017-04-21,17.83,stribro
580,2017-04-24,17.848,stribro
581,2017-04-25,17.580999,stribro
582,2017-04-26,17.353001000000003,stribro
583,2017-04-27,17.264999,stribro
584,2017-04-28,17.191,stribro
585,2017-05-01,16.780001000000002,stribro
586,2017-05-02,16.768998999999997,stribro
587,2017-05-03,16.487,stribro
588,2017-05-04,16.243999,stribro
589,2017-05-05,16.215,stribro
590,2017-05-08,16.198999,stribro
591,2017-05-09,16.007998999999998,stribro
592,2017-05-10,16.150999,stribro
593,2017-05-11,16.209,stribro
594,2017-05-12,16.346001,stribro
595,2017-05-15,16.561001,stribro
596,2017-05-16,16.693001000000002,stribro
597,2017-05-17,16.851999,stribro
598,2017-05-18,16.621,stribro
599,2017-05-19,16.75,stribro
600,2017-05-22,17.143,stribro
601,2017-05-23,17.091,stribro
602,2017-05-24,17.077,stribro
603,2017-05-25,17.152,stribro
604,2017-05-26,17.283001000000002,stribro
605,2017-05-30,17.388,stribro
606,2017-05-31,17.368,stribro
607,2017-06-01,17.243,stribro
608,2017-06-02,17.487,stribro
609,2017-06-05,17.547001,stribro
610,2017-06-06,17.677,stribro
611,2017-06-07,17.587,stribro
612,2017-06-08,17.384001,stribro
613,2017-06-09,17.193001000000002,stribro
614,2017-06-12,16.914,stribro
615,2017-06-13,16.738001,stribro
616,2017-06-14,17.107,stribro
617,2017-06-15,16.691,stribro
618,2017-06-16,16.636,stribro
619,2017-06-19,16.483,stribro
620,2017-06-20,16.398001,stribro
621,2017-06-21,16.355,stribro
622,2017-06-22,16.49,stribro
623,2017-06-23,16.628,stribro
624,2017-06-26,16.559998999999998,stribro
625,2017-06-27,16.576,stribro
626,2017-06-28,16.715,stribro
627,2017-06-29,16.586,stribro
628,2017-06-30,16.568001000000002,stribro
629,2017-07-03,,stribro
630,2017-07-05,15.842,stribro
631,2017-07-06,15.927,stribro
632,2017-07-07,15.371,stribro
633,2017-07-10,15.577,stribro
634,2017-07-11,15.697,stribro
635,2017-07-12,15.839,stribro
636,2017-07-13,15.642,stribro
637,2017-07-14,15.884,stribro
638,2017-07-17,16.049999,stribro
639,2017-07-18,16.222,stribro
640,2017-07-19,16.250999,stribro
641,2017-07-20,16.299,stribro
642,2017-07-21,16.41,stribro
643,2017-07-24,16.398001,stribro
644,2017-07-25,16.497,stribro
645,2017-07-26,16.415001,stribro
646,2017-07-27,16.528999,stribro
647,2017-07-28,16.664,stribro
648,2017-07-31,16.75,stribro
649,2017-08-01,16.728001000000003,stribro
650,2017-08-02,16.697001,stribro
651,2017-08-03,16.594,stribro
652,2017-08-04,16.222,stribro
653,2017-08-07,16.221001,stribro
654,2017-08-08,16.360001,stribro
655,2017-08-09,16.834,stribro
656,2017-08-10,17.035999,stribro
657,2017-08-11,17.041,stribro
658,2017-08-14,17.093,stribro
659,2017-08-15,16.690001000000002,stribro
660,2017-08-16,16.917,stribro
661,2017-08-17,17.030001000000002,stribro
662,2017-08-18,16.98,stribro
663,2017-08-21,16.995001000000002,stribro
664,2017-08-22,16.962,stribro
665,2017-08-23,17.032,stribro
666,2017-08-24,16.952,stribro
667,2017-08-25,17.038,stribro
668,2017-08-28,17.431,stribro
669,2017-08-29,17.422001,stribro
670,2017-08-30,17.403999,stribro
671,2017-08-31,17.48,stribro
672,2017-09-01,17.719,stribro
673,2017-09-05,17.844998999999998,stribro
674,2017-09-06,17.816,stribro
675,2017-09-07,18.016001,stribro
676,2017-09-08,18.027,stribro
677,2017-09-11,17.806998999999998,stribro
678,2017-09-12,17.795,stribro
679,2017-09-13,17.771998999999997,stribro
680,2017-09-14,17.698,stribro
681,2017-09-15,17.611,stribro
682,2017-09-18,17.070999,stribro
683,2017-09-19,17.195,stribro
684,2017-09-20,17.250999,stribro
685,2017-09-21,16.937,stribro
686,2017-09-22,16.903,stribro
687,2017-09-25,17.059,stribro
688,2017-09-26,16.804001,stribro
689,2017-09-27,16.747999,stribro
690,2017-09-28,16.773001,stribro
691,2017-09-29,16.607,stribro
692,2017-10-02,16.584999,stribro
693,2017-10-03,16.580999,stribro
694,2017-10-04,16.563,stribro
695,2017-10-05,16.582001,stribro
696,2017-10-06,16.733999,stribro
697,2017-10-09,16.916,stribro
698,2017-10-10,17.155001000000002,stribro
699,2017-10-11,17.080999,stribro
700,2017-10-12,17.211,stribro
701,2017-10-13,17.355,stribro
702,2017-10-16,17.315001000000002,stribro
703,2017-10-17,16.987,stribro
704,2017-10-18,16.943001000000002,stribro
705,2017-10-19,17.201,stribro
706,2017-10-20,17.021998999999997,stribro
707,2017-10-23,17.024,stribro
708,2017-10-24,16.907,stribro
709,2017-10-25,16.868,stribro
710,2017-10-26,16.764,stribro
711,2017-10-27,16.702,stribro
712,2017-10-30,16.802,stribro
713,2017-10-31,16.645,stribro
714,2017-11-01,17.132,stribro
715,2017-11-02,17.094,stribro
716,2017-11-03,16.794001,stribro
717,2017-11-06,17.195,stribro
718,2017-11-07,16.905001000000002,stribro
719,2017-11-08,17.106001000000003,stribro
720,2017-11-09,16.943001000000002,stribro
721,2017-11-10,16.844,stribro
722,2017-11-13,17.023001,stribro
723,2017-11-14,17.052,stribro
724,2017-11-15,16.950001,stribro
725,2017-11-16,17.056,stribro
726,2017-11-17,17.358,stribro
727,2017-11-20,16.827,stribro
728,2017-11-21,16.948999,stribro
729,2017-11-22,17.101,stribro
730,2017-11-24,,stribro
731,2017-11-27,17.009001,stribro
732,2017-11-28,16.811001,stribro
733,2017-11-29,16.457001,stribro
734,2017-11-30,16.382,stribro
735,2017-12-01,16.297001,stribro
736,2017-12-04,16.284,stribro
737,2017-12-05,15.973,stribro
738,2017-12-06,15.868,stribro
739,2017-12-07,15.715,stribro
740,2017-12-08,15.736,stribro
741,2017-12-11,15.697,stribro
742,2017-12-12,15.582,stribro
743,2017-12-13,15.784,stribro
744,2017-12-14,15.85,stribro
745,2017-12-15,15.978,stribro
746,2017-12-18,16.120001000000002,stribro
747,2017-12-19,16.066,stribro
748,2017-12-20,16.188,stribro
749,2017-12-21,16.152,stribro
750,2017-12-22,16.357,stribro
751,2017-12-26,16.52,stribro
752,2017-12-27,16.618999,stribro
753,2017-12-28,16.832001,stribro
754,2017-12-29,17.059998999999998,stribro
755,2018-01-02,17.121,stribro
756,2018-01-03,17.184998999999998,stribro
757,2018-01-04,17.188999,stribro
758,2018-01-05,17.205,stribro
759,2018-01-08,17.063999,stribro
760,2018-01-09,16.936001,stribro
761,2018-01-10,16.962999,stribro
762,2018-01-11,16.893998999999997,stribro
763,2018-01-12,17.069,stribro
764,2018-01-16,17.122,stribro
765,2018-01-17,17.105,stribro
766,2018-01-18,16.893,stribro
767,2018-01-19,16.975,stribro
768,2018-01-22,16.931,stribro
769,2018-01-23,16.855,stribro
770,2018-01-24,17.424999,stribro
771,2018-01-25,17.551001,stribro
772,2018-01-26,17.382,stribro
773,2018-01-29,,stribro
774,2018-01-30,17.013,stribro
775,2018-01-31,17.204,stribro
776,2018-02-01,17.118,stribro
777,2018-02-02,16.676001,stribro
778,2018-02-05,16.639,stribro
779,2018-02-06,16.548,stribro
780,2018-02-07,16.205999,stribro
781,2018-02-08,16.313999,stribro
782,2018-02-09,16.115999,stribro
783,2018-02-12,16.548,stribro
784,2018-02-13,16.507,stribro
785,2018-02-14,16.858,stribro
786,2018-02-15,16.777,stribro
787,2018-02-16,16.695,stribro
788,2018-02-20,16.424999,stribro
789,2018-02-21,16.604,stribro
790,2018-02-22,16.579,stribro
791,2018-02-23,16.476,stribro
792,2018-02-26,16.542,stribro
793,2018-02-27,16.346001,stribro
794,2018-02-28,16.323999,stribro
795,2018-03-01,16.200001,stribro
796,2018-03-02,16.392,stribro
797,2018-03-05,16.337999,stribro
798,2018-03-06,16.715,stribro
799,2018-03-07,16.427999,stribro
800,2018-03-08,16.436001,stribro
801,2018-03-09,16.546,stribro
802,2018-03-12,16.471001,stribro
803,2018-03-13,16.559,stribro
804,2018-03-14,16.466998999999998,stribro
805,2018-03-15,16.353001000000003,stribro
806,2018-03-16,16.202,stribro
807,2018-03-19,16.254998999999998,stribro
808,2018-03-20,16.125,stribro
809,2018-03-21,16.357,stribro
810,2018-03-22,16.327999,stribro
811,2018-03-23,16.530001000000002,stribro
812,2018-03-26,16.632,stribro
813,2018-03-27,16.489,stribro
814,2018-03-28,16.205,stribro
815,2018-03-29,16.223,stribro
816,2018-04-02,16.627001,stribro
817,2018-04-03,16.347,stribro
818,2018-04-04,16.209,stribro
819,2018-04-05,16.32,stribro
820,2018-04-06,16.332001,stribro
821,2018-04-09,16.499001,stribro
822,2018-04-10,16.566,stribro
823,2018-04-11,16.738001,stribro
824,2018-04-12,16.443001000000002,stribro
825,2018-04-13,16.628,stribro
826,2018-04-16,16.662001,stribro
827,2018-04-17,16.771998999999997,stribro
828,2018-04-18,17.231001000000003,stribro
829,2018-04-19,17.222,stribro
830,2018-04-20,17.146998999999997,stribro
831,2018-04-23,16.570999,stribro
832,2018-04-24,16.687,stribro
833,2018-04-25,16.486,stribro
834,2018-04-26,16.488001,stribro
835,2018-04-27,16.406,stribro
836,2018-04-30,16.312,stribro
837,2018-05-01,16.039,stribro
838,2018-05-02,16.291,stribro
839,2018-05-03,16.362,stribro
840,2018-05-04,16.434,stribro
841,2018-05-07,16.413,stribro
842,2018-05-08,16.388,stribro
843,2018-05-09,16.458,stribro
844,2018-05-10,16.68,stribro
845,2018-05-11,16.676001,stribro
846,2018-05-14,16.57,stribro
847,2018-05-15,16.194,stribro
848,2018-05-16,16.297001,stribro
849,2018-05-17,16.413,stribro
850,2018-05-18,16.386999,stribro
851,2018-05-21,16.452,stribro
852,2018-05-22,16.507998999999998,stribro
853,2018-05-23,16.337999,stribro
854,2018-05-24,16.621,stribro
855,2018-05-25,16.481001000000003,stribro
856,2018-05-29,16.305,stribro
857,2018-05-30,16.479,stribro
858,2018-05-31,16.402,stribro
859,2018-06-01,16.388,stribro
860,2018-06-04,16.379,stribro
861,2018-06-05,16.490999,stribro
862,2018-06-06,16.642,stribro
863,2018-06-07,16.766001,stribro
864,2018-06-08,16.694,stribro
865,2018-06-11,16.905001000000002,stribro
866,2018-06-12,16.849001,stribro
867,2018-06-13,16.952999,stribro
868,2018-06-14,17.226,stribro
869,2018-06-15,16.452,stribro
870,2018-06-18,16.412001,stribro
871,2018-06-19,16.302999,stribro
872,2018-06-20,16.289,stribro
873,2018-06-21,16.306,stribro
874,2018-06-22,16.438999,stribro
875,2018-06-25,16.308001,stribro
876,2018-06-26,16.238001,stribro
877,2018-06-27,16.139,stribro
878,2018-06-28,15.951,stribro
879,2018-06-29,16.104,stribro
880,2018-07-02,15.744,stribro
881,2018-07-03,,stribro
882,2018-07-05,16.007998999999998,stribro
883,2018-07-06,15.981,stribro
884,2018-07-09,16.052999,stribro
885,2018-07-10,16.003,stribro
886,2018-07-11,15.732,stribro
887,2018-07-12,15.898,stribro
888,2018-07-13,15.739,stribro
889,2018-07-16,15.735,stribro
890,2018-07-17,15.546,stribro
891,2018-07-18,15.503,stribro
892,2018-07-19,15.34,stribro
893,2018-07-20,15.49,stribro
894,2018-07-23,15.368,stribro
895,2018-07-24,15.463,stribro
896,2018-07-25,15.533,stribro
897,2018-07-26,15.438,stribro
898,2018-07-27,15.436,stribro
899,2018-07-30,15.475,stribro
900,2018-07-31,15.5,stribro
901,2018-08-01,15.394,stribro
902,2018-08-02,15.329,stribro
903,2018-08-03,15.406,stribro
904,2018-08-06,15.292,stribro
905,2018-08-07,15.317,stribro
906,2018-08-08,15.376,stribro
907,2018-08-09,15.419,stribro
908,2018-08-10,15.266,stribro
909,2018-08-13,14.953,stribro
910,2018-08-14,15.025,stribro
911,2018-08-15,14.421,stribro
912,2018-08-16,14.697,stribro
913,2018-08-17,14.616,stribro
914,2018-08-20,14.655,stribro
915,2018-08-21,14.751,stribro
916,2018-08-22,14.735,stribro
917,2018-08-23,14.527,stribro
918,2018-08-24,14.779,stribro
919,2018-08-27,14.844,stribro
920,2018-08-28,14.767,stribro
921,2018-08-29,14.688,stribro
922,2018-08-30,14.477,stribro
923,2018-08-31,14.438,stribro
924,2018-09-04,14.061,stribro
925,2018-09-05,14.118,stribro
926,2018-09-06,14.075,stribro
927,2018-09-07,14.067,stribro
928,2018-09-10,14.079,stribro
929,2018-09-11,14.052,stribro
930,2018-09-12,14.192,stribro
931,2018-09-13,14.143,stribro
932,2018-09-14,14.042,stribro
933,2018-09-17,14.122,stribro
934,2018-09-18,14.084,stribro
935,2018-09-19,14.189,stribro
936,2018-09-20,14.215,stribro
937,2018-09-21,14.269,stribro
938,2018-09-24,14.251,stribro
939,2018-09-25,14.398,stribro
940,2018-09-26,14.305,stribro
941,2018-09-27,14.201,stribro
942,2018-09-28,14.623,stribro
943,2018-10-01,14.422,stribro
944,2018-10-02,14.61,stribro
945,2018-10-03,14.59,stribro
946,2018-10-04,14.51,stribro
947,2018-10-05,14.569,stribro
948,2018-10-08,14.259,stribro
949,2018-10-09,14.329,stribro
950,2018-10-10,14.255,stribro
951,2018-10-11,14.535,stribro
952,2018-10-12,14.564,stribro
953,2018-10-15,14.656,stribro
954,2018-10-16,14.63,stribro
955,2018-10-17,14.592,stribro
956,2018-10-18,14.533,stribro
957,2018-10-19,14.579,stribro
958,2018-10-22,14.522,stribro
959,2018-10-23,14.728,stribro
960,2018-10-24,14.611,stribro
961,2018-10-25,14.565,stribro
962,2018-10-26,14.635,stribro
963,2018-10-29,14.377,stribro
964,2018-10-30,14.403,stribro
965,2018-10-31,14.229,stribro
966,2018-11-01,14.729,stribro
967,2018-11-02,14.707,stribro
968,2018-11-05,14.604,stribro
969,2018-11-06,14.458,stribro
970,2018-11-07,14.528,stribro
971,2018-11-08,14.386,stribro
972,2018-11-09,14.103,stribro
973,2018-11-12,13.974,stribro
974,2018-11-13,13.952,stribro
975,2018-11-14,14.055,stribro
976,2018-11-15,14.237,stribro
977,2018-11-16,14.358,stribro
978,2018-11-19,14.381,stribro
979,2018-11-20,14.247,stribro
980,2018-11-21,14.48,stribro
981,2018-11-23,,stribro
982,2018-11-26,14.183,stribro
983,2018-11-27,14.062,stribro
984,2018-11-28,14.303,stribro
985,2018-11-29,14.273,stribro
986,2018-11-30,14.094,stribro
987,2018-12-03,14.381,stribro
988,2018-12-04,14.521,stribro
989,2018-12-06,14.39,stribro
990,2018-12-07,14.572,stribro
991,2018-12-10,14.478,stribro
992,2018-12-11,14.499,stribro
993,2018-12-12,14.725,stribro
994,2018-12-13,14.729,stribro
995,2018-12-14,14.513,stribro
996,2018-12-17,14.639,stribro
997,2018-12-18,14.585,stribro
998,2018-12-19,14.702,stribro
999,2018-12-20,14.753,stribro
1000,2018-12-21,14.583,stribro
1001,2018-12-24,,stribro
1002,2018-12-26,15.004,stribro
1003,2018-12-27,15.191,stribro
1004,2018-12-28,15.326,stribro
1005,2018-12-31,15.433,stribro
1006,2019-01-02,15.542,stribro
1007,2019-01-03,15.706,stribro
1008,2019-01-04,15.695,stribro
1009,2019-01-07,15.669,stribro
1010,2019-01-08,15.626,stribro
1011,2019-01-09,15.653,stribro
1012,2019-01-10,15.561,stribro
1013,2019-01-11,15.577,stribro
1014,2019-01-14,15.609,stribro
1015,2019-01-15,15.546,stribro
1016,2019-01-16,15.564,stribro
1017,2019-01-17,15.467,stribro
1018,2019-01-18,15.33,stribro
1019,2019-01-22,15.259,stribro
1020,2019-01-23,15.317,stribro
1021,2019-01-24,15.238,stribro
1022,2019-01-25,15.639,stribro
1023,2019-01-28,15.709,stribro
1024,2019-01-29,15.786,stribro
1025,2019-01-30,15.88,stribro
1026,2019-01-31,16.021998999999997,stribro
1027,2019-02-01,15.88,stribro
1028,2019-02-04,15.837,stribro
1029,2019-02-05,15.79,stribro
1030,2019-02-06,15.656,stribro
1031,2019-02-07,15.675,stribro
1032,2019-02-08,15.773,stribro
1033,2019-02-11,15.657,stribro
1034,2019-02-12,15.66,stribro
1035,2019-02-13,15.624,stribro
1036,2019-02-14,15.5,stribro
1037,2019-02-15,15.723,stribro
1038,2019-02-19,15.947,stribro
1039,2019-02-20,16.157,stribro
1040,2019-02-21,15.791,stribro
1041,2019-02-22,15.908,stribro
1042,2019-02-25,15.825,stribro
1043,2019-02-26,15.827,stribro
1044,2019-02-27,15.672,stribro
1045,2019-02-28,15.538,stribro
1046,2019-03-01,15.169,stribro
1047,2019-03-04,15.017,stribro
1048,2019-03-05,15.02,stribro
1049,2019-03-06,15.003,stribro
1050,2019-03-07,14.96,stribro
1051,2019-03-08,15.272,stribro
1052,2019-03-11,15.197,stribro
1053,2019-03-12,15.338,stribro
1054,2019-03-13,15.381,stribro
1055,2019-03-14,15.101,stribro
1056,2019-03-15,15.253,stribro
1057,2019-03-18,15.251,stribro
1058,2019-03-19,15.301,stribro
1059,2019-03-20,15.245,stribro
1060,2019-03-21,15.372,stribro
1061,2019-03-22,15.345,stribro
1062,2019-03-25,15.507,stribro
1063,2019-03-26,15.371,stribro
1064,2019-03-27,15.239,stribro
1065,2019-03-28,14.921,stribro
1066,2019-03-29,15.06,stribro
1067,2019-04-01,15.051,stribro
1068,2019-04-02,15.018,stribro
1069,2019-04-03,15.059,stribro
1070,2019-04-04,15.041,stribro
1071,2019-04-05,15.043,stribro
1072,2019-04-08,15.173,stribro
1073,2019-04-09,15.168,stribro
1074,2019-04-10,15.201,stribro
1075,2019-04-11,14.824,stribro
1076,2019-04-12,14.92,stribro
1077,2019-04-15,14.948,stribro
1078,2019-04-16,14.891,stribro
1079,2019-04-17,14.921,stribro
1080,2019-04-18,14.937,stribro
1081,2019-04-22,14.957,stribro
1082,2019-04-23,14.773,stribro
1083,2019-04-24,14.898,stribro
1084,2019-04-25,14.861,stribro
1085,2019-04-26,15.002,stribro
1086,2019-04-29,14.844,stribro
1087,2019-04-30,14.9,stribro
1088,2019-05-01,14.645,stribro
1089,2019-05-02,14.54,stribro
1090,2019-05-03,14.907,stribro
1091,2019-05-06,14.857,stribro
1092,2019-05-07,14.86,stribro
1093,2019-05-08,14.792,stribro
1094,2019-05-09,14.707,stribro
1095,2019-05-10,14.726,stribro
1096,2019-05-13,14.713,stribro
1097,2019-05-14,14.752,stribro
1098,2019-05-15,14.752,stribro
1099,2019-05-16,14.479,stribro
1100,2019-05-17,14.348,stribro
1101,2019-05-20,14.409,stribro
1102,2019-05-21,14.373,stribro
1103,2019-05-22,14.414,stribro
1104,2019-05-23,14.577,stribro
1105,2019-05-24,14.52,stribro
1106,2019-05-28,14.281,stribro
1107,2019-05-29,14.372,stribro
1108,2019-05-30,14.46,stribro
1109,2019-05-31,14.53,stribro
1110,2019-06-03,14.703,stribro
1111,2019-06-04,14.732,stribro
1112,2019-06-05,14.754,stribro
1113,2019-06-06,14.868,stribro
1114,2019-06-07,14.994,stribro
1115,2019-06-10,14.605,stribro
1116,2019-06-11,14.706,stribro
1117,2019-06-12,14.722,stribro
1118,2019-06-13,14.871,stribro
1119,2019-06-14,14.782,stribro
1120,2019-06-17,14.814,stribro
1121,2019-06-18,14.98,stribro
1122,2019-06-19,14.945,stribro
1123,2019-06-20,15.469,stribro
1124,2019-06-21,15.273,stribro
1125,2019-06-24,15.368,stribro
1126,2019-06-25,15.291,stribro
1127,2019-06-26,15.283,stribro
1128,2019-06-27,15.205,stribro
1129,2019-06-28,15.253,stribro
1130,2019-07-01,15.106,stribro
1131,2019-07-02,15.154,stribro
1132,2019-07-03,,stribro
1133,2019-07-05,14.918,stribro
1134,2019-07-08,14.972,stribro
1135,2019-07-09,15.068,stribro
1136,2019-07-10,15.147,stribro
1137,2019-07-11,15.067,stribro
1138,2019-07-12,15.161,stribro
1139,2019-07-15,15.29,stribro
1140,2019-07-16,15.6,stribro
1141,2019-07-17,15.893,stribro
1142,2019-07-18,16.120001000000002,stribro
1143,2019-07-19,16.117001000000002,stribro
1144,2019-07-22,16.34,stribro
1145,2019-07-23,16.405001000000002,stribro
1146,2019-07-24,16.554001,stribro
1147,2019-07-25,16.339001,stribro
1148,2019-07-26,16.325001,stribro
1149,2019-07-29,16.368,stribro
1150,2019-07-30,16.495001000000002,stribro
1151,2019-07-31,16.346001,stribro
1152,2019-08-01,16.121,stribro
1153,2019-08-02,16.222,stribro
1154,2019-08-05,16.344998999999998,stribro
1155,2019-08-06,16.405001000000002,stribro
1156,2019-08-07,17.156,stribro
1157,2019-08-08,16.900999,stribro
1158,2019-08-09,16.896998999999997,stribro
1159,2019-08-12,17.039,stribro
1160,2019-08-13,16.955999,stribro
1161,2019-08-14,17.253,stribro
1162,2019-08-15,17.188,stribro
1163,2019-08-16,17.096001,stribro
1164,2019-08-19,16.914,stribro
1165,2019-08-20,17.122,stribro
1166,2019-08-21,17.125,stribro
1167,2019-08-22,17.014,stribro
1168,2019-08-23,17.395,stribro
1169,2019-08-26,17.624001,stribro
1170,2019-08-27,18.139,stribro
1171,2019-08-28,18.304001,stribro
1172,2019-08-29,18.167,stribro
1173,2019-08-30,18.184998999999998,stribro
1174,2019-09-03,19.079,stribro
1175,2019-09-04,19.391001,stribro
1176,2019-09-05,18.656,stribro
1177,2019-09-06,17.968,stribro
1178,2019-09-09,18.018998999999997,stribro
1179,2019-09-10,18.041,stribro
1180,2019-09-11,18.031,stribro
1181,2019-09-12,18.041,stribro
1182,2019-09-13,17.436001,stribro
1183,2019-09-16,17.900999,stribro
1184,2019-09-17,18.016001,stribro
1185,2019-09-18,17.795,stribro
1186,2019-09-19,17.773001,stribro
1187,2019-09-20,17.738001,stribro
1188,2019-09-23,18.6,stribro
1189,2019-09-24,18.517,stribro
1190,2019-09-25,17.962,stribro
1191,2019-09-26,17.801001,stribro
1192,2019-09-27,17.552,stribro
1193,2019-09-30,16.898001,stribro
1194,2019-10-01,17.202,stribro
1195,2019-10-02,17.591998999999998,stribro
1196,2019-10-03,17.584999,stribro
1197,2019-10-04,17.540001,stribro
1198,2019-10-07,17.457001,stribro
1199,2019-10-08,17.617001000000002,stribro
1200,2019-10-09,17.728001000000003,stribro
1201,2019-10-10,17.52,stribro
1202,2019-10-11,17.462,stribro
1203,2019-10-14,17.634001,stribro
1204,2019-10-15,17.308001,stribro
1205,2019-10-16,17.351,stribro
1206,2019-10-17,17.535999,stribro
1207,2019-10-18,17.502001,stribro
1208,2019-10-21,17.525999,stribro
1209,2019-10-22,17.437,stribro
1210,2019-10-23,17.517,stribro
1211,2019-10-24,17.739,stribro
1212,2019-10-25,17.861,stribro
1213,2019-10-28,17.816,stribro
1214,2019-10-29,17.771,stribro
1215,2019-10-30,17.815001000000002,stribro
1216,2019-10-31,18.014,stribro
1217,2019-11-01,18.004,stribro
1218,2019-11-04,18.014,stribro
1219,2019-11-05,17.516001,stribro
1220,2019-11-06,17.558001,stribro
1221,2019-11-07,16.969998999999998,stribro
1222,2019-11-08,16.783001000000002,stribro
1223,2019-11-11,16.761999,stribro
1224,2019-11-12,16.677,stribro
1225,2019-11-13,16.898001,stribro
1226,2019-11-14,17.013,stribro
1227,2019-11-15,16.933001,stribro
1228,2019-11-18,16.985001,stribro
1229,2019-11-19,17.103001000000003,stribro
1230,2019-11-20,17.1,stribro
1231,2019-11-21,17.049999,stribro
1232,2019-11-22,16.985001,stribro
1233,2019-11-25,16.871,stribro
1234,2019-11-26,17.030001000000002,stribro
1235,2019-11-27,16.912001,stribro
1236,2019-11-29,,stribro
1237,2019-12-02,16.836,stribro
1238,2019-12-03,17.125,stribro
1239,2019-12-04,16.797001,stribro
1240,2019-12-05,16.941999,stribro
1241,2019-12-06,16.481001000000003,stribro
1242,2019-12-09,16.532,stribro
1243,2019-12-10,16.596001,stribro
1244,2019-12-11,16.743999,stribro
1245,2019-12-12,16.844998999999998,stribro
1246,2019-12-13,16.912001,stribro
1247,2019-12-16,17.018998999999997,stribro
1248,2019-12-17,16.978001000000003,stribro
1249,2019-12-18,16.952999,stribro
1250,2019-12-19,17.058001,stribro
1251,2019-12-20,17.128,stribro
1252,2019-12-23,17.403,stribro
1253,2019-12-24,,stribro
1254,2019-12-26,17.893998999999997,stribro
1255,2019-12-27,17.849001,stribro
1256,2019-12-30,17.908001000000002,stribro
1257,2019-12-31,17.827999,stribro
1258,2020-01-02,17.966,stribro
1259,2020-01-03,18.068001000000002,stribro
1260,2020-01-06,18.097,stribro
1261,2020-01-07,18.316,stribro
1262,2020-01-08,18.087999,stribro
1263,2020-01-09,17.860001,stribro
1264,2020-01-10,18.033001000000002,stribro
1265,2020-01-13,17.926001,stribro
1266,2020-01-14,17.674,stribro
1267,2020-01-15,17.923,stribro
1268,2020-01-16,17.875,stribro
1269,2020-01-17,18.013,stribro
1270,2020-01-21,17.750999,stribro
1271,2020-01-22,17.771,stribro
1272,2020-01-23,17.773001,stribro
1273,2020-01-24,18.056998999999998,stribro
1274,2020-01-27,18.0,stribro
1275,2020-01-28,17.402,stribro
1276,2020-01-29,17.431,stribro
1277,2020-01-30,17.952,stribro
1278,2020-01-31,17.972,stribro
1279,2020-02-03,17.639999,stribro
1280,2020-02-04,17.528,stribro
1281,2020-02-05,17.569,stribro
1282,2020-02-06,17.789,stribro
1283,2020-02-07,17.665001,stribro
1284,2020-02-10,17.757998999999998,stribro
1285,2020-02-11,17.573,stribro
1286,2020-02-12,17.478001000000003,stribro
1287,2020-02-13,17.6,stribro
1288,2020-02-14,17.715,stribro
1289,2020-02-18,18.131001,stribro
1290,2020-02-19,18.292,stribro
1291,2020-02-20,18.309,stribro
1292,2020-02-21,18.521,stribro
1293,2020-02-24,18.868,stribro
1294,2020-02-25,18.183001,stribro
1295,2020-02-26,17.826,stribro
1296,2020-02-27,17.658001000000002,stribro
1297,2020-02-28,16.386999,stribro
1298,2020-03-02,16.679001,stribro
1299,2020-03-03,17.129,stribro
1300,2020-03-04,17.187,stribro
1301,2020-03-05,17.341998999999998,stribro
1302,2020-03-06,17.214001,stribro
1303,2020-03-09,17.000999,stribro
1304,2020-03-10,16.906,stribro
1305,2020-03-11,16.729,stribro
1306,2020-03-12,15.961,stribro
1307,2020-03-13,14.456,stribro
1308,2020-03-16,12.772,stribro
1309,2020-03-17,12.469,stribro
1310,2020-03-18,11.735,stribro
1311,2020-03-19,12.097,stribro
1312,2020-03-20,12.349,stribro
1313,2020-03-23,13.225,stribro
1314,2020-03-24,14.229,stribro
1315,2020-03-25,14.837,stribro
1316,2020-03-26,14.64,stribro
1317,2020-03-27,14.498,stribro
1318,2020-03-30,14.074,stribro
1319,2020-03-31,14.098,stribro
1320,2020-04-01,13.926,stribro
1321,2020-04-02,14.596,stribro
1322,2020-04-03,14.436,stribro
1323,2020-04-06,15.111,stribro
1324,2020-04-07,15.422,stribro
1325,2020-04-08,15.147,stribro
1326,2020-04-09,15.995,stribro
1327,2020-04-13,15.479,stribro
1328,2020-04-14,16.072001,stribro
1329,2020-04-15,15.447,stribro
1330,2020-04-16,15.564,stribro
1331,2020-04-17,15.237,stribro
1332,2020-04-20,15.556,stribro
1333,2020-04-21,14.818,stribro
1334,2020-04-22,15.277,stribro
1335,2020-04-23,15.348,stribro
1336,2020-04-24,15.254,stribro
1337,2020-04-27,15.201,stribro
1338,2020-04-28,15.162,stribro
1339,2020-04-29,15.16,stribro
1340,2020-04-30,14.898,stribro
1341,2020-05-01,14.863,stribro
1342,2020-05-04,14.722,stribro
1343,2020-05-05,15.057,stribro
1344,2020-05-06,14.987,stribro
1345,2020-05-07,15.562,stribro
1346,2020-05-08,15.74,stribro
1347,2020-05-11,15.636,stribro
1348,2020-05-12,15.687,stribro
1349,2020-05-13,15.663,stribro
1350,2020-05-14,16.136,stribro
1351,2020-05-15,17.046,stribro
1352,2020-05-18,17.464001,stribro
1353,2020-05-19,17.892,stribro
1354,2020-05-20,18.002001,stribro
1355,2020-05-21,17.334999,stribro
1356,2020-05-22,17.664,stribro
1357,2020-05-26,17.565001000000002,stribro
1358,2020-05-27,17.686001,stribro
1359,2020-05-28,17.895,stribro
1360,2020-05-29,18.440001000000002,stribro
1361,2020-06-01,18.768,stribro
1362,2020-06-02,18.207001,stribro
1363,2020-06-03,17.921,stribro
1364,2020-06-04,18.024,stribro
1365,2020-06-05,17.443001000000002,stribro
1366,2020-06-08,17.868,stribro
1367,2020-06-09,17.774,stribro
1368,2020-06-10,17.775999,stribro
1369,2020-06-11,17.868999,stribro
1370,2020-06-12,17.462,stribro
1371,2020-06-15,17.379,stribro
1372,2020-06-16,17.632,stribro
1373,2020-06-17,17.757,stribro
1374,2020-06-18,17.493,stribro
1375,2020-06-19,17.832001,stribro
1376,2020-06-22,17.886999,stribro
1377,2020-06-23,18.051001,stribro
1378,2020-06-24,17.658001000000002,stribro
1379,2020-06-25,17.882998999999998,stribro
1380,2020-06-26,18.023001,stribro
1381,2020-06-29,17.98,stribro
1382,2020-06-30,18.541,stribro
1383,2020-07-01,18.132998999999998,stribro
1384,2020-07-02,18.243999,stribro
1385,2020-07-06,18.504,stribro
1386,2020-07-07,18.628,stribro
1387,2020-07-08,19.080999,stribro
1388,2020-07-09,18.882,stribro
1389,2020-07-10,18.983,stribro
1390,2020-07-13,19.709,stribro
1391,2020-07-14,19.451,stribro
1392,2020-07-15,19.684998999999998,stribro
1393,2020-07-16,19.497,stribro
1394,2020-07-17,19.684998999999998,stribro
1395,2020-07-20,20.124001,stribro
1396,2020-07-21,21.497,stribro
1397,2020-07-22,23.083,stribro
1398,2020-07-23,22.945,stribro
1399,2020-07-24,22.808001,stribro
1400,2020-07-27,24.476,stribro
1401,2020-07-28,24.266001,stribro
1402,2020-07-29,24.292999,stribro
1403,2020-07-30,23.34,stribro
1404,2020-07-31,24.188999,stribro
1405,2020-08-03,24.389999,stribro
1406,2020-08-04,26.011999,stribro
1407,2020-08-05,26.877001,stribro
1408,2020-08-06,28.386999,stribro
1409,2020-08-07,27.533001000000002,stribro
1410,2020-08-10,29.249001,stribro
1411,2020-08-11,26.037001,stribro
1412,2020-08-12,25.955,stribro
1413,2020-08-13,27.694,stribro
1414,2020-08-14,26.065001000000002,stribro
1415,2020-08-17,27.643,stribro
1416,2020-08-18,28.049,stribro
1417,2020-08-19,27.315001000000002,stribro
1418,2020-08-20,27.122,stribro
1419,2020-08-21,26.707001,stribro
1420,2020-08-24,26.587999,stribro
1421,2020-08-25,26.254,stribro
1422,2020-08-26,27.43,stribro
1423,2020-08-27,27.01,stribro
1424,2020-08-28,27.610001,stribro
1425,2020-08-31,28.437,stribro
1426,2020-09-01,28.486,stribro
1427,2020-09-02,27.249001,stribro
1428,2020-09-03,26.735001,stribro
1429,2020-09-04,26.576,stribro
1430,2020-09-08,26.864,stribro
1431,2020-09-09,26.955,stribro
1432,2020-09-10,27.163,stribro
1433,2020-09-11,26.739,stribro
1434,2020-09-14,27.229,stribro
1435,2020-09-15,27.346001,stribro
1436,2020-09-16,27.355,stribro
1437,2020-09-17,26.985001,stribro
1438,2020-09-18,27.028,stribro
1439,2020-09-21,24.299,stribro
1440,2020-09-22,24.441999,stribro
1441,2020-09-23,23.014,stribro
1442,2020-09-24,23.118,stribro
1443,2020-09-25,23.017,stribro
1444,2020-09-28,23.528,stribro
1445,2020-09-29,24.379998999999998,stribro
1446,2020-09-30,23.433001,stribro
1447,2020-10-01,24.193001000000002,stribro
1448,2020-10-02,23.971001,stribro
1449,2020-10-05,24.502001,stribro
1450,2020-10-06,23.870001000000002,stribro
1451,2020-10-07,23.848,stribro
1452,2020-10-08,23.837,stribro
1453,2020-10-09,25.069,stribro
1454,2020-10-12,25.226,stribro
1455,2020-10-13,24.086,stribro
1456,2020-10-14,24.364,stribro
1457,2020-10-15,24.193001000000002,stribro
1458,2020-10-16,24.368999,stribro
1459,2020-10-19,24.657,stribro
1460,2020-10-20,24.937,stribro
1461,2020-10-21,25.197001,stribro
1462,2020-10-22,24.665001,stribro
1463,2020-10-23,24.627001,stribro
1464,2020-10-26,24.375999,stribro
1465,2020-10-27,24.525999,stribro
1466,2020-10-28,23.323999,stribro
1467,2020-10-29,23.339001,stribro
1468,2020-10-30,23.617001000000002,stribro
1469,2020-11-02,24.006001,stribro
1470,2020-11-03,24.305,stribro
1471,2020-11-04,23.864,stribro
1472,2020-11-05,25.171,stribro
1473,2020-11-06,25.646,stribro
1474,2020-11-09,23.684998999999998,stribro
1475,2020-11-10,24.445999,stribro
1476,2020-11-11,24.250999,stribro
1477,2020-11-12,24.290001,stribro
1478,2020-11-13,24.759001,stribro
1479,2020-11-16,24.785999,stribro
1480,2020-11-17,24.635,stribro
1481,2020-11-18,24.433001,stribro
1482,2020-11-19,24.033001000000002,stribro
1483,2020-11-20,24.348,stribro
1484,2020-11-23,23.624001,stribro
1485,2020-11-24,23.292,stribro
1486,2020-11-25,23.356001000000003,stribro
1487,2020-11-27,,stribro
1488,2020-11-30,22.534,stribro
1489,2020-12-01,24.033001000000002,stribro
1490,2020-12-02,24.025,stribro
1491,2020-12-03,24.087,stribro
1492,2020-12-04,24.202999,stribro
1493,2020-12-07,24.740999,stribro
1494,2020-12-08,24.684,stribro
1495,2020-12-09,23.93,stribro
1496,2020-12-10,24.031,stribro
1497,2020-12-11,24.032,stribro
1498,2020-12-14,23.985001,stribro
1499,2020-12-15,24.580999,stribro
1500,2020-12-16,24.985001,stribro
1501,2020-12-17,26.1,stribro
1502,2020-12-18,25.948999,stribro
1503,2020-12-21,26.278,stribro
1504,2020-12-22,25.434,stribro
1505,2020-12-23,25.823999,stribro
1506,2020-12-24,,stribro
1507,2020-12-28,26.459999,stribro
1508,2020-12-29,26.138,stribro
1509,2020-12-30,26.488001,stribro
,Date,Close,name
0,2015-01-01,40.720001,Tesla
1,2015-02-01,40.667999,Tesla
2,2015-03-01,37.754002,Tesla
3,2015-04-01,45.209998999999996,Tesla
4,2015-05-01,50.16,Tesla
5,2015-06-01,53.652,Tesla
6,2015-07-01,53.23,Tesla
7,2015-08-01,49.812,Tesla
8,2015-09-01,49.68,Tesla
9,2015-10-01,41.386002000000005,Tesla
10,2015-11-01,46.051998,Tesla
11,2015-12-01,48.001999,Tesla
12,2016-01-01,38.240002000000004,Tesla
13,2016-02-01,38.386002000000005,Tesla
14,2016-03-01,45.953998999999996,Tesla
15,2016-04-01,48.152,Tesla
16,2016-05-01,44.646,Tesla
17,2016-06-01,42.456001,Tesla
18,2016-07-01,46.958,Tesla
19,2016-08-01,42.402,Tesla
20,2016-09-01,40.806,Tesla
21,2016-10-01,39.546001000000004,Tesla
22,2016-11-01,37.880001,Tesla
23,2016-12-01,42.737999,Tesla
24,2017-01-01,50.386002000000005,Tesla
25,2017-02-01,49.998001,Tesla
26,2017-03-01,55.66,Tesla
27,2017-04-01,62.813999,Tesla
28,2017-05-01,68.202003,Tesla
29,2017-06-01,72.321999,Tesla
30,2017-07-01,64.694,Tesla
31,2017-08-01,71.18,Tesla
32,2017-09-01,68.220001,Tesla
33,2017-10-01,66.306,Tesla
34,2017-11-01,61.77,Tesla
35,2017-12-01,62.27,Tesla
36,2018-01-01,70.862,Tesla
37,2018-02-01,68.612,Tesla
38,2018-03-01,53.226002,Tesla
39,2018-04-01,58.779999,Tesla
40,2018-05-01,56.945999,Tesla
41,2018-06-01,68.589996,Tesla
42,2018-07-01,59.627998,Tesla
43,2018-08-01,60.332001,Tesla
44,2018-09-01,52.953998999999996,Tesla
45,2018-10-01,67.46399699999999,Tesla
46,2018-11-01,70.096001,Tesla
47,2018-12-01,66.559998,Tesla
48,2019-01-01,61.403999,Tesla
49,2019-02-01,63.976002,Tesla
50,2019-03-01,55.972,Tesla
51,2019-04-01,47.737999,Tesla
52,2019-05-01,37.032001,Tesla
53,2019-06-01,44.692001,Tesla
54,2019-07-01,48.321999,Tesla
55,2019-08-01,45.122002,Tesla
56,2019-09-01,48.174,Tesla
57,2019-10-01,62.984001,Tesla
58,2019-11-01,65.987999,Tesla
59,2019-12-01,83.666,Tesla
60,2020-01-01,130.113998,Tesla
61,2020-02-01,133.598007,Tesla
62,2020-03-01,104.800003,Tesla
63,2020-04-01,156.37600700000002,Tesla
64,2020-05-01,167.0,Tesla
65,2020-06-01,215.962006,Tesla
66,2020-07-01,286.152008,Tesla
67,2020-08-01,498.32000700000003,Tesla
68,2020-09-01,429.01000999999997,Tesla
69,2020-10-01,388.040009,Tesla
70,2020-11-01,567.599976,Tesla
71,2020-12-01,705.669983,Tesla
